-- MySQL dump 10.13  Distrib 8.0.23, for macos10.15 (x86_64)
--
-- Host: localhost    Database: make_sense
-- ------------------------------------------------------
-- Server version	8.0.23

/*!40101 SET @OLD_CHARACTER_SET_CLIENT=@@CHARACTER_SET_CLIENT */;
/*!40101 SET @OLD_CHARACTER_SET_RESULTS=@@CHARACTER_SET_RESULTS */;
/*!40101 SET @OLD_COLLATION_CONNECTION=@@COLLATION_CONNECTION */;
/*!50503 SET NAMES utf8mb4 */;
/*!40103 SET @OLD_TIME_ZONE=@@TIME_ZONE */;
/*!40103 SET TIME_ZONE='+00:00' */;
/*!40014 SET @OLD_UNIQUE_CHECKS=@@UNIQUE_CHECKS, UNIQUE_CHECKS=0 */;
/*!40014 SET @OLD_FOREIGN_KEY_CHECKS=@@FOREIGN_KEY_CHECKS, FOREIGN_KEY_CHECKS=0 */;
/*!40101 SET @OLD_SQL_MODE=@@SQL_MODE, SQL_MODE='NO_AUTO_VALUE_ON_ZERO' */;
/*!40111 SET @OLD_SQL_NOTES=@@SQL_NOTES, SQL_NOTES=0 */;

--
-- Table structure for table `comment`
--

DROP TABLE IF EXISTS `comment`;
/*!40101 SET @saved_cs_client     = @@character_set_client */;
/*!50503 SET character_set_client = utf8mb4 */;
CREATE TABLE `comment` (
  `id` int NOT NULL AUTO_INCREMENT,
  `date` date DEFAULT NULL,
  `comment` longtext,
  `type` tinyint(1) DEFAULT NULL,
  `user_id` int DEFAULT NULL,
  `decision_id` int DEFAULT NULL,
  PRIMARY KEY (`id`),
  KEY `fk_user_comment` (`user_id`),
  KEY `fk_user_decision` (`decision_id`),
  CONSTRAINT `fk_user_comment` FOREIGN KEY (`user_id`) REFERENCES `user` (`id`),
  CONSTRAINT `fk_user_decision` FOREIGN KEY (`decision_id`) REFERENCES `decision` (`id`)
) ENGINE=InnoDB AUTO_INCREMENT=21 DEFAULT CHARSET=utf8mb4 COLLATE=utf8mb4_0900_ai_ci;
/*!40101 SET character_set_client = @saved_cs_client */;

--
-- Dumping data for table `comment`
--

LOCK TABLES `comment` WRITE;
/*!40000 ALTER TABLE `comment` DISABLE KEYS */;
INSERT INTO `comment` VALUES (1,'2023-02-08',' En effet, faire passer des lois qui permettent de limiter les abus, de condamner les discriminations et de restreindre les privilèges de certains groupes sociaux semble être une étape indispensable pour rendre le monde plus juste.',NULL,1,2),(2,'2023-02-08','Ah oui et aussi, ne  tombons pas dans le culte de la perfection. Le droit à l’erreur est autorisé tout comme celui de ne pas être parfait·e. Personne n’a dit que c’était facile de changer le monde',NULL,1,6),(3,'2023-02-08','Je ne les connais pas depuis belle lurette mais j’ai vu des évolutions globalement positives.',NULL,1,5),(4,'2023-02-08','Évidemment, là où ça peut coincer, c’est quand on se sent (presque) seul·e à l’échelle d’une société à renoncer à ses privilèges.',NULL,1,4),(5,'2023-02-08','En effet, faire passer des lois qui permettent de limiter les abus, de condamner les discriminations et de restreindre les privilèges de certains groupes sociaux semble être une étape indispensable pour rendre le monde plus juste.',NULL,1,9),(6,'2023-02-08',' C’est une aventure qui change, please.',NULL,1,8),(7,'2023-02-08','En effet, si le travail indépendant a beaucoup d’atouts pour le monde en général, il en a encore plus pour certains publics fragiles en particulier.',NULL,1,3),(8,'2023-02-08','Tous et toutes partagent la satisfaction du travail accompli dans une ambiance familiale.',NULL,1,7),(9,'2023-02-08',' Il est compatible avec des contraintes familiales en offrant une certaine souplesse. ',NULL,3,7),(10,'2023-02-08','Avec un peu d’huile de coude, une machine à coudre, un bout de tissu et un dimanche pluvieux, le courant d’air ne sera bientôt plus qu’un lointain souvenir.',NULL,3,1),(11,'2023-02-08','Petite révolution organisationnelle, vous avez probablement entendu parler du batch cooking et de ses vertus : manger mieux, plus varié, plus équilibré, tout en passant moins de temps en cuisine et en évitant de gaspiller. ',NULL,3,10),(12,'2023-02-08','Un miroir judicieusement placé pour capter le soleil, des tapis partout, une peinture réfléchissante qui renvoie la lumière, et la chaleur au passage…',NULL,3,9),(13,'2023-02-08','Faire moins mais mieux, plus avec moins, c’est le mantra du moment. C’est aussi possible avec un radiateur. ',NULL,3,4),(14,'2023-02-08','Nul besoin d’innover quand les anciennes recettes fonctionnaient à merveille. On a rarement vu plus chaud que le pull en laine tricoté par mamie. ',NULL,3,2),(15,'2023-02-08','Comment faire pour passer l’hiver et dans un autre monde ? Viens faire un tour sur notre site collaboratif. Tu trouveras plein d’infos pour comprendre le sujet et autant de pistes pour passer à l’action. L’idée est de se donner de l’énergie sans en gâcher.',NULL,3,6),(16,'2023-02-08','Barista, c’est un statut pro. Un jour, je suis allé dans un café, le serveur savait que j’étais barista il s’est excusé de me servir un café dégueulasse',NULL,2,2),(17,'2023-02-08','C’est un boulot de passionné, on rentre dans l’essence même du café. On peut dire que c’est une approche artistique.',NULL,2,1),(18,'2023-02-08','Dans la salle, la première session est presque terminée et déjà la confiance en soi et en l’avenir semble avoir progressé. ',NULL,2,3),(19,'2023-02-08','Comment passer à l’action sur les questions environnementales et sociales quand on ne sait pas par où commencer ?',NULL,4,1),(20,'2023-02-08','Nos dispositifs  s’adressent tantôt aux néophytes tantôt aux personnes déjà engagées et font passer de la prise de conscience individuelle à la mobilisation collective.',NULL,4,9);
/*!40000 ALTER TABLE `comment` ENABLE KEYS */;
UNLOCK TABLES;

--
-- Table structure for table `decision`
--

DROP TABLE IF EXISTS `decision`;
/*!40101 SET @saved_cs_client     = @@character_set_client */;
/*!50503 SET character_set_client = utf8mb4 */;
CREATE TABLE `decision` (
  `id` int NOT NULL AUTO_INCREMENT,
  `title` varchar(255) NOT NULL,
  `desc_start` longtext,
  `desc_first` longtext,
  `desc_final` longtext,
  `details` longtext,
  `impact` longtext,
  `benefits` longtext,
  `risk` longtext,
  `date` datetime DEFAULT NULL,
  `statut` varchar(255) DEFAULT NULL,
  `user_id` int DEFAULT NULL,
  `timeline_id` int DEFAULT NULL,
  PRIMARY KEY (`id`),
  KEY `fk_decision_user` (`user_id`),
  KEY `fk_timeline_decision` (`timeline_id`),
  CONSTRAINT `fk_decision_user` FOREIGN KEY (`user_id`) REFERENCES `user` (`id`),
  CONSTRAINT `fk_timeline_decision` FOREIGN KEY (`timeline_id`) REFERENCES `timeline` (`id`)
) ENGINE=InnoDB AUTO_INCREMENT=11 DEFAULT CHARSET=utf8;
/*!40101 SET character_set_client = @saved_cs_client */;

--
-- Dumping data for table `decision`
--

LOCK TABLES `decision` WRITE;
/*!40000 ALTER TABLE `decision` DISABLE KEYS */;
INSERT INTO `decision` VALUES (1,'Penser global, agir local','<h2><strong>« Penser global, agir local, » la formule employée pour la première fois au Sommet de l’environnement en 1972 n’a pas pris une ride pour les activistes de makesense. De Paris à Manille, leurs actions résolument locales s’inscrivent dans une même dynamique globale. On voyage ?</strong></h2>',NULL,NULL,'<p><i>« En Afrique de l’Ouest, alors que la région est confrontée à un chômage massif des jeunes, notre mission est d’enseigner, enseigner et toujours enseigner !</i> explique Victoria Peter, directrice du hub makesense. <i>Enseigner la créativité, la collaboration, la gestion de projet… nous utilisons le pouvoir de l’entrepreneuriat social pour développer les compétences et aider à créer les emplois nécessaires. »</i> À 6000 kilomètres de là, au Liban les enjeux diffèrent. <i>« Dans un pays qui rencontre des problèmes politiques, bancaires, économiques et sanitaires à la fois, notre mission repose sur la sensibilisation à l’entrepreneuriat social pour apporter des solutions concrètes à des enjeux de base, »</i> raconte Maya Wakim en charge du développement des communautés makesense du hub libanais. Au Mexique, c’est encore une autre approche que développe le hub latino-américain. <i>« Ici, où l’écosystème de l’entrepreneuriat social est très développé, notre rôle repose sur la création d’interconnexions entre les trois communautés avec lesquelles nous travaillons (citoyens, entrepreneurs, entreprises),</i> rappelle Diego Reyeros. <i>Nous construisons un impact collectif ! »</i></p>','<p>À chaque pays ses enjeux, à chaque enjeu ses réponses et selon que l’on se trouve sur un continent ou sur un autre, makesense se voit alternativement comme un écosystème, une communauté, une ONG, ou même parfois un incubateur. makesense, OVNI protéiforme du XXIe siècle à la recherche des meilleures options pour construire un monde inclusif et durable ? Peut-être. C’est aussi et surtout, par-delà les frontières, des hommes et des femmes qui partagent valeurs et conviction communes : les communautés de citoyens, d’entrepreneurs et d’organisations peuvent avoir un impact positif et façonner une société durable si nous leur donnons les outils et les compétences dont ils ont besoin pour devenir de puissants acteurs du changement.</p>','<p>À l’avenir, le hub Mexique entend développer son travail de conseil au niveau de l’Amérique latine. En Afrique de l’Ouest, Victoria rêve d’étendre le Consortium pour la jeunesse qu’elle vient de lancer au Sénégal à l’ensemble du continent. Aux Philippines, Carlos, aimerait voir l’impact de makeense se répandre sur l’ensemble des îles de l’archipel. En France, l’envie est de passer à l’échelle tous les programmes de mobilisation citoyenne. Chaque hub se focalise sur ses propres urgences et suit ses propres rêves. <i>« Notre modèle décentralisé permet à chaque équipe d’adapter son parcours, son histoire et ses objectifs pour qu’ils soient les plus pertinents possible et favorisent la diversité de notre monde. »</i> Un monde que les 120 salariés et les milliers de volontaires makesense, souhaitent&nbsp; inclusif pour tous et partout. De Mexico à Beyrouth.</p>','<h4><strong>Le poids du monde</strong></h4><p>Si les 7 hubs que compte makesense résolvent les problèmes localement, ils se nourrissent également de l’approche internationale du mouvement. <i>« Nous nous présentons souvent comme une organisation internationale,</i> rappelle Diego, <i>cela renforce notre réputation au niveau local, nous permet de convaincre des financeurs et de&nbsp; construire des partenariats. » « Les bailleurs de fonds, les entreprises, les pouvoirs locaux, voient souvent notre ADN international comme une preuve de légitimité,</i> renchérit Victoria, <i>alors qu’au niveau local, notre consonance anglaise rend plus difficile la construction d’un sentiment d’appartenance. »</i> Globalement, créer et afficher des liens entre Mexicains et Philippins, Péruviens et Français, Sénégalais et Libanais génère de l’empathie et nourrit le sentiment d’appartenance à une même planète. <i>« Au Pérou, les gens aiment se connecter avec d’autres cultures même si le défi de la langue reste difficile à relever,</i> explique Judith Huamani Cadenas en charge du développement du hub péruvien.<i> C’est pourquoi nous privilégions les connexions continentales. » « Grâce à makesense, une majorité de nos volontaires, venant pour la plupart de provinces éloignées des Philippines, interagissent pour la première fois avec des personnes internationales, »</i> ajoute Carlos.</p>',NULL,'En cours',1,NULL),(2,'L’Accélérateur,  l’autre voie des emplois durables','<h2><strong>Et si le travail indépendant était un formidable tremplin vers le retour à l’emploi ? </strong><a href=\"https://www.laccelerateur.staffme.fr/\"><strong>L’Accélérateur</strong></a><strong>, nouvelle initiative du groupe StaffMe, accompagnée par makesense, remet en selle et en jambe les jeunes que le monde du travail a écartés.</strong><br>&nbsp;</h2><p>Lorsqu’elle découvre <a href=\"https://www.laccelerateur.staffme.fr/\">L’Accélérateur</a>, Haymen n’a que 19 ans, aucun diplôme en poche, une situation familiale et financière compliquée, bref de quoi se dire que l’avenir n’est pas forcément tout tracé. Pourtant, en 15 mois, grâce à la mission locale qui lui ouvre le chemin de l’Accélérateur, elle réalise 24 prestations, touche en moyenne 202 euros de chiffres d’affaires chaque mois en complément de son allocation “garantie jeunes”, suit 2 formations et termine avec un CDI de monitrice adjointe d’animation en internat.</p><p>Des histoires comme Haymen, l’équipe de L’Accélérateur en a plein. La première entreprise d’insertion par le travail indépendant du Val-de-Marne a lancé en juin 2021 tout un dispositif pour accompagner les jeunes en difficulté. «<i> L’Accélérateur a pour vocation de créer une dynamique durable d’insertion professionnelle pour des publics éloignés de l’emploi, via l’outil du travail indépendant, »</i> explique Norma Valteau directrice du dispositif depuis presque deux ans.</p>',NULL,NULL,'<h2><strong>L’indépendance pour s’adapter</strong></h2><p>En effet, si le travail indépendant a beaucoup d’atouts pour le monde en général, il en a encore plus pour certains publics fragiles en particulier. Il permet de tester plein d’emplois différents, ce qui est appréciable lorsque l’on n’a ni diplôme ni plan de carrière. Il est compatible avec des contraintes familiales en offrant une certaine souplesse. Enfin, il est pertinent pour les personnes ayant des difficultés à s’adapter aux codes de l’entreprise ou à un cadre hiérarchique…</p><p>« <i>Le groupe StaffMe a lancé une enquête il y a deux ans qui révélait que 10% des utilisateurs et utilisatrices de leur plateforme étaient éligibles à l’IAE (insertion par l’activité économique),</i> explique Norma. <i>On s’est dit qu’on avait un rôle à jouer. On a donc créé sur-mesure un dispositif qui permet aux personnes les plus éloignées de l’emploi de bénéficier d’un accompagnement renforcé pour faciliter leur insertion sociale et professionnelle par le biais de prestations de services.&nbsp;»</i></p>','<p>C’est sur cette idée qu’est né l’Accélérateur pour proposer aux personnes éligibles à l’IAE d’intégrer des parcours d’insertion fraîchement développés. Leur durée ? 3 à 24 mois pendant lesquels elles sont accompagnées par deux interlocuteurs privilégiés : un chargé d’accompagnement, un genre de référent qui suit le jeune de son entrée à sa sortie et un chargé d’activité, coach professionnel dont l’objectif est de lever les freins à l’emploi, d’aider à la création et la gestion de sa micro-entreprise, à la définition de son projet professionnel et de proposer des prestations ponctuelles dans plus de 33 métiers différents (petite manutention, mise en rayon, saisie de donnés, aide administrative, vente, accueil…).</p><p><i>« Parmi les personnes accompagnées, nous comptons 80% de jeunes de moins de 26 ans, 33% de demandeurs d’emploi depuis plus de 2 ans, 15% de bénéficiaires du RSA, 34% de personnes peu / pas qualifiées (niveau inférieur au CAP-BEP) et 37% qui résident en Quartier Prioritaire de la Ville, »</i> précise Norma.</p>','<h2><strong>Accélérateur d’envies</strong></h2><p><i>« J’ai réalisé plus de 60 missions d’une journée à 4 mois, </i>témoigne Sémiou qui fait partie des Accéléré·e·s. <i>J’ai fait de la manutention, du rangement, j’ai été responsable de caisse, j’ai découvert plein de métiers différents. Surveillant est celui que que j’ai préféré. »</i> Le jeune homme a également pu suivre une formation de 10 jours sur comment monter sa micro-entreprise, gérer son budget, a visité un restaurant… <i>« Aujourd’hui, j’ai plus de facilités à m’exprimer, je sais que je peux travailler dans plusieurs branches différentes et je me suis fait des copains Staffers, on échange, je ne suis plus seul. »</i></p>','<p>Seul, Sémiou ne l’est pas. En 2022, 131 bénéficiaires ont été accompagnés et ensemble ont réalisé plus de 1500 prestations, permettant de générer au global 500 000€ pour les Accéléré·es. La bonne nouvelle c’est que parmi les Accélérés qui ont terminé leur parcours d’insertion, 81% ont connu des sorties dynamiques qui se matérialisent par des emplois durables, des emplois de transition ou des sorties positives. Quant à Sémiou, il est heureux. Depuis le mois de juillet, il est gardien d’immeuble en CDD.</p>',NULL,'En cours',4,NULL),(3,'Motoriser son biclou','<h2><strong>Bonne idée : motoriser son biclou plutôt que d’acheter un vélo électrique.</strong></h2><h3><strong>L’émergence du vélo à assistance électrique (VAE) permet de bousculer un peu plus le règne de la voiture individuelle sur nos trajets quotidiens. Mais les nouveaux modèles sont chers et gourmands en matières alors que nos biclous peuvent très bien faire l’affaire. On vous explique ?</strong></h3><p>Le secteur des transports est un contributeur majeur au réchauffement climatique : en France, il représente un tiers des émissions de gaz à effet de serre. La voiture individuelle génère à elle seule 57% des émissions du secteur, <a href=\"https://www.statistiques.developpement-durable.gouv.fr/bilan-annuel-des-transports-en-2019-0?rubrique=56&amp;dossier=1337#\">selon le dernier bilan annuel de l’Etat</a>. Un trajet en voiture sur quatre fait moins de trois kilomètres (<a href=\"https://www.cerema.fr/fr/centre-ressources/newsletters/transflash/transflash-ndeg-398-juin-2015/chiffre-du-mois-40#:~:text=En%20France%2C%201%20trajet%20en,distance%20totale%20parcourue%20en%20voiture.\">Cerema</a>) et pourrait donc être effectué autrement.</p><p>&nbsp;</p>',NULL,NULL,'<p>Toutefois, l’électrification de son propre vélo, à pratiquer seul ou avec l’aide d’un professionnel, est une solution intermédiaire et encore méconnue, qui présente de nombreux avantages. Comme l’économie de matière liée à la fabrication d’un nouveau modèle. À cela s’ajoute, l’économie financière substantielle : <a href=\"https://www.quechoisir.org/decryptage-velo-electrique-des-kits-pour-transformer-votre-velo-n80827/\">selon l’UFC-Que choisir</a> les kits d’électrification coûtent entre 400 et 1 000 euros contre un prix moyen de 1 749€ pour un VAE neuf. Ils peuvent en outre bénéficier d’aides locales à l’achat comme à Paris ou à Lyon.&nbsp;</p>','<p>Des entreprises et ateliers sont spécialisés dans la conversion des vélos mécaniques en vélos électriques comme Ohm &amp; Watt, basé à Strasbourg ou A bicyclette Paulette. Cette dernière avance que ses kits s’adaptent à 90% des biclous et coûtent deux fois moins cher qu’un vélo à assistance électrique neuf.&nbsp;</p>','<p>Si la marche ou le vélo classique restent imbattables d’un point de vue écologique (et même de santé publique), le VAE représente tout de même une solution 100 fois moins polluante que la voiture thermique, <a href=\"https://www.leparisien.fr/video/video-le-boom-du-velo-electrique-est-il-une-bonne-ou-une-mauvaise-nouvelle-pour-la-planete-25-04-2021-VWEBIUPDCRASBFATKKM7TF7FXY.php\">rappelle le Parisien</a>. 660 000 exemplaires ont été vendus en 2021, avec une progression de 28% en un an, attestant de sa popularité croissante.&nbsp;</p>','<p>Toutefois, l’électrification de son propre vélo, à pratiquer seul ou avec l’aide d’un professionnel, est une solution intermédiaire et encore méconnue, qui présente de nombreux avantages. Comme l’économie de matière liée à la fabrication d’un nouveau modèle. À cela s’ajoute, l’économie financière substantielle : <a href=\"https://www.quechoisir.org/decryptage-velo-electrique-des-kits-pour-transformer-votre-velo-n80827/\">selon l’UFC-Que choisir</a> les kits d’électrification coûtent entre 400 et 1 000 euros contre un prix moyen de 1 749€ pour un VAE neuf. Ils peuvent en outre bénéficier d’aides locales à l’achat comme à Paris ou à Lyon.&nbsp;</p>',NULL,'Terminée',3,NULL),(4,'ChatGPT, l’invention du siècle?','<h2><strong>ChatGPT, un ami qui nous veut du bien ? À l’heure où l’intelligence artificielle a été testée par plusieurs millions de personnes, on peut se demander si elle va vraiment faire tourner le monde plus rond. Pas si sûr…</strong></h2><p><strong>Lundi dernier en réunion d’équipe, j’ai d’abord cru que mes collègues parlaient d’un nouveau film sorti au ciné : “tout le monde en parle sur les réseaux, c’est un truc de fou”, “vous en pensez quoi, vous ?”, “mais qui sont les créateurs ?”. Et puis rapidement j’ai compris qu’il s’agissait de tout autre chose. Il s’agissait de “quelqu’un”. Quelqu’un qui venait de naître mais sans être vivant. Une intelligence artificielle. Avec laquelle tu peux discuter de tout et de rien. “ChatGPT”. Allons comprendre ce qui se passe et nous poser les bonnes questions. Sachez que je pourrais faire écrire cet article par l’intéressée. Je ne vais pas le faire et vous comprendrez pourquoi.&nbsp;</strong></p>',NULL,NULL,'<h2><strong>Nom, prénom, âge.&nbsp;</strong></h2><p>ChatGPT, c’est une intelligence artificielle se présentant sous forme d’outil conversationnel. On lui pose des questions, elle répond. On lui fait des demandes, elle les exécute. Simple, basique. ChatGPT peut donc à la fois t’expliquer pourquoi tu as des boutons rouges sur la main droite, comment sera l’<a href=\"https://usbeketrica.com/fr/article/les-predictions-de-l-intelligence-artificielle-chatgpt-pour-2023?utm_source=Futur+%21&amp;utm_campaign=55cd46f753-EMAIL_CAMPAIGN_2023_01_02_12_59&amp;utm_medium=email&amp;utm_term=0_-55cd46f753-%5BLIST_EMAIL_ID%5D\">année 2023</a>, comment réparer ta machine à laver mais aussi t’écrire un poème pour Roxane, la voisine du 3ème étage dont tu es follement amoureux ou encore te concocter un programme sport et alimentation pour maigrir le mois prochain.&nbsp;</p><p>Ouverte au public le 30 novembre, la technologie a depuis été testée par plusieurs millions de personnes, du jamais-vu.&nbsp;</p>','<h2><strong>C’est une bonne situation ça, intelligence artificielle ?&nbsp;</strong></h2><p>“Géniale”, “bluffante”, “disruptive”, “révolutionnaire”. A en croire les différents articles et témoignages, <a href=\"https://www.youtube.com/watch?v=Amqu7ljZpwA\">ChatGPT</a> est une invention susceptible de bouleverser la face du monde. Pourquoi un tel engouement autour de cette IA quand des dizaines d’autres existaient avant elle ?</p><h4><strong>“Tout l’monde s’excite parce que tout l’monde s’excite.” Orelsan</strong></h4><p>Ce qui m’intéresse dans cette histoire, ce n’est pas de prouver à quel point ChatGPT est une merveille technologique. Il vous suffit de passer quelques minutes sur internet pour être abreuvé d’analyses, de débats, de tests et ainsi de vous faire une idée. Ce qui m’intéresse, ce n’est pas non plus de tenter de lancer des polémiques saveur BFM TV : bien ou mal, dangereuse ou bénéfique, etc. Même si, au passage, certaines informations sont bonnes à connaître :&nbsp;</p><ul><li>OpenAI, le labo de recherche à l’origine de ChatGPT, a été cofondée en 2015 par l’entrepreneur milliardaire Elon Musk, qui a par la suite quitté le conseil d’administration (en 2018),</li><li>L’utilisation des milliards de données engrangées chaque jour par l’IA est très floue,&nbsp;</li><li>La <a href=\"https://info.haas-avocats.com/droit-digital/chatgpt-pourquoi-cette-intelligence-artificielle-inqui%C3%A8te\">RGPD</a> ne semble pas avoir été invitée à la fête…</li><li>Le labo <a href=\"https://www.lesechos.fr/tech-medias/intelligence-artificielle/openai-pourquoi-la-star-de-lintelligence-artificielle-vaut-deja-29-milliards-de-dollars-1894806\">OpenAI</a> et sa pépite ChatGPT pourraient déjà valoir… 29 milliards de dollars.&nbsp;</li></ul><p>Au-delà de cela, ce qui m’intéresse, ce sont les <a href=\"https://www.youtube.com/watch?v=zFknl7OAV0c\">questions</a> que pose cette nouvelle attraction à nous, petits êtres humains, à moi dans ma vie de tous les jours, à vous dans les vôtres. Et elles sont vertigineuses.&nbsp;</p>','<p>Au milieu de l’écriture de cet article, je me suis dit “soyons honnêtes, essayons de voir en quoi ce truc-là peut être une bonne nouvelle”. Trois idées me sont venues : ça gagne du temps, c’est marrant et ça peut être utilisé intelligemment. Et puis derrière, les questions ont fusé :</p><ul><li><strong>“Ça gagne du temps” : </strong>plus je la répète, plus je me rends compte que cette phrase qu’on dit tout le temps est lourde de sens (plus je me dis aussi qu’il faudrait écrire un article de 600 pages sur notre rapport au temps). Ça gagne du temps sur quoi ? Pour arriver plus vite à quoi ? (à l’effondrement ?) Pour faire quoi en plus ? (travailler encore plus ?)&nbsp;</li><li><strong>“Ca simplifie” :</strong> tout pareil. J’ai l’impression que notre monde est un géant simplificateur, un géant génie qui nous dit “Impossible is nothing”. Désormais, je n’ai plus à chercher, à imaginer, à créer, à me creuser la tête, je vais pouvoir mettre notre cerveau en dormance, ChatGPT veille. Et pense à ma place. Quelque chose me dit que la fatigue, l’ennui, l’inconfort, le vide deviendront bientôt la chose la plus précieuse de nos existences…</li><li><strong>“C’est marrant” : </strong>argument auquel je suis très sensible. Le rire me paraît tellement nécessaire aujourd’hui. Il me semble néanmoins ici que le “marrant” devant une réplique de <a href=\"https://www.youtube.com/watch?v=Jqp2orQYILg\">Jean-Pierre Bacri</a>, n’est pas le “marrant” devant ChatGPT. Peut-être faudrait-il plutôt dire “divertissant” ou “vidant la tête”. Tant que je suis conscient, que c’est moi qui ai fait le choix de prendre quelques minutes (heures ?) pour me “vider la tête”, alors pourquoi pas. Le problème, c’est que dans 90% des cas, j’ai une intention précise à la base qui n’est pas de me “vider la tête” et que je finis par succomber au talent de ces technologies pour m’emmener ailleurs. Et me voler mon temps. Et obstruer mon imagination. Qui valent, selon les investisseurs, 29 milliards de dollars aujourd’hui.&nbsp;&nbsp;</li><li>“<strong>Ça peut être utilisé intelligemment” : </strong>on revient à la réflexion précédente. Si face à ChatGPT, je suis parfaitement lucide et conscient de mon objectif, alors oui, j’imagine qu’on peut l’utiliser à bon escient. Mais aujourd’hui, personnellement ce n’est pas le cas. Rapidement je suis endormi. Rapidement j’oublie. Rapidement je deviens con. Et j’aimerais aussi connaître les intentions des autres… Peut-être que leur projet c’est de remplacer les enseignants, les dramaturges, les journalistes… comme ça on gagne du temps ?</li></ul><p><br>&nbsp;</p>','<h2><strong>“Nous ne pouvons plus sortir. Une ombre s’avance dans le noir. Nous ne pouvons plus sortir. Ils arrivent“ Gandalf</strong></h2><p>Le plus fou avec ChatGPT, comme avec nos réseaux sociaux et tout ce qui jaillit de nos petits écrans, c’est la discrétion avec laquelle ces technologies transforment nos vies. Mon coloc me lançait hier avec gravité une prophétie entendue un peu partout : “un jour ce seront ces machines qui contrôleront nos vies”. Mais à partir de quel moment nous déclarerons-nous officiellement vaincus ? Quand nos téléphones seront capables d’interrompre nos conversations ? Quand insta pourra décider en quelques secondes le matin de mon état : rire, déprime, colère, tristesse ? Quand nous passerons plus de temps <a href=\"https://www.laprovence.com/article/sorties-loisirs/6657027/combien-de-temps-passent-les-francais-sur-les-reseaux-sociaux.html\">en ligne</a> (5h30 par jour) qu’avec des vrais gens ? Quand nous ferons plus confiance à google qu’à notre papa pour nous parler de mai 68 ? Quand ces machines nous maintiendront immobiles des heures durant, délaissant la biologie – pour le coup vraiment géniale – de notre corps taillé pour être en mouvement ? Quand nous aurons l’impression de plus rien savoir sans notre petit écran lumineux dans la poche droite ? Une seule app vous manque et tout est dépeuplé.&nbsp;</p><p>«Il se passe clairement quelque chose de grand», a dit Paul Graham, cofondateur du Y Combinator. On est d’accord, mon garçon, il se passe quelque chose. Mais je note que tu as dit “grand”, et pas “bon”.&nbsp;</p>',NULL,'En cours',3,NULL),(5,'L’écoloroscope de 2023','<h2><strong>Comme chaque année, les planètes vont effectuer des mouvements circulaires et transversaux dans l’espace et, par la même, influencer notre vie sous tous ses aspects : amoureuse, sociale, professionnelle et… écologique. Voilà en avant-première l’écolo-roscope, pour toutes vos prédictions astrologiques très sérieuses sur ce qui touche votre engagement écolo et solidaire.&nbsp;</strong></h2>',NULL,NULL,'<h2><strong>Bélier : Aller plus hauuut</strong></h2><p>2023 est l’année du passage à la marche supérieure de l’engagement (et non du remix du tube de Tina Arena par Jul, cachez votre déception). Si le Bélier était de l’équipe de celles et ceux qui s’en fichent comme de sa première tétine du climat, il va acheter sa première paille en bambou et regarder (enfin) “Demain” de Cyril Dion. S’il a déjà battu le pavé lors des marches pour les climats, il va tout plaquer pour s’installer dans une ZAD. S’ il vit déjà dans une ZAD, il envisage de trouver un stratagème pour envoyer tous les multimilliardaires de ce monde en orbite.&nbsp;</p><p><strong>Le conseil astro : </strong>n’enjambez pas les marches trop vite, on n’est jamais à l’abri d’une chute.&nbsp;</p><h2><strong>Taureau : Comme des pulsions de chlorophylle</strong></h2><p>Cette année les Taureaux se reconnecteront au vivant. Ils saturent des inhalations de pots d’échappement quotidiens et du béton. Ils ont des pulsions de roulades dans des prairies, de chants d’oiseaux, de câlins aux arbres. Ils sont convaincus qu’une des clés du changement réside en la reconnaissance de ce que la Mère Nature nous offre sur son généreux plateau quotidien. Peut-être vont-ils céder à la tentation de tout plaquer pour monter un tiers-lieu à la campagne, ou, à moindre échelle, investir dans la plante verte d’appartement, ou même faire pousser des légumes dans le jardin partagé…&nbsp;</p><p><strong>Le conseil astro </strong>: ne pas confondre amélioration de son bien-être et engagement, quoiqu’en disent les gourous du développement personnel.</p>','<h2><strong>Gémeau : Le yoyo du sens&nbsp;</strong></h2><p>La dualité (certains diraient duplicité, mais nous n’allons pas rentrer dans un tel débat astro-illogique) du Gémeau s’exprimera cette année dans l’alternance de moments d’anxiété éminemment justifiés par les nouvelles peu réjouissantes du monde, et de moments d’espoir nourris par des mini-victoires. Véritable année en yoyo, l’Univers teste le Gémeau sur sa capacité à voir le verre vide quand il est plein, et le verre plein quand il est vide dans une quête d’équilibre infinie.&nbsp;</p><p><strong>Le conseil astro </strong>: n’oubliez pas votre méditation matinale pour rester ancré.e malgré les montagnes russes.</p><h2><strong>Cancer : Métro-boulot-écolo</strong></h2><p>Cette année l’écologie ça passera par le boulot pour les Cancers. Pour certains ça prendra la forme d’un bilan éclairé de l’impact de son travail et d’une démission. Pour d’autres ce sera synonyme d’installation d’une poubelle de recyclage dans l’open-space.&nbsp;</p><p><strong>Le conseil astro : </strong>Il n’y a pas que le travail dans la vie, diversifiez vos modes d’action.</p><h2><strong>Lion :&nbsp; Le réfléchi&nbsp;</strong></h2><p>Le lion se dotera de ses plus belles lunettes et s’adonnera à toutes les activités lui permettant de nourrir son esprit : il se plongera dans des essais, regardera des documentaires, conférences, convoquera l’énergie sacrée du savoir. Le lion sait, même si c’est illusoire de croire qu’on aura un jour toutes les cartes en main, qu’agir de manière éclairée c’est mieux que d’agir de manière obscure. À lui les conférences&nbsp; de Jean-Marc Jancovici, les pavés de Greta Thunberg, les conversations interminables. Ça va mouliner des neurones, attention à la surchauffe !&nbsp;</p><p><strong>Le conseil astro : </strong>N’oubliez pas : “<a href=\"https://fr.wikipedia.org/wiki/Mens_sana_in_corpore_sano\">Mens sana in corpore sano</a>” et faites-du sport entre deux lectures.<br>&nbsp;</p>','<h2><strong>Vierge : Mobiliser qu’ils disaient</strong></h2><p>Le Vierge a envie de s’entourer pour avancer sur le chemin de l’écologie cette année. Après avoir essayé de changer les choses dans son coin, il a compris que “seul on va plus vite, ensemble on va plus loin”. Il ne jurera que par les mots collectif, communauté, consensus, coopération, collaboration, copains, coléoptère, bref, tout ce qui commence par “co”.</p><p><strong>Le conseil astro :</strong> Le collectif c’est bien, à condition ne pas complètement s’oublier.</p><h2><strong>Balance : Blasitude</strong></h2><p>Une année colorée par un certain fatalisme pour le Balance, qui ne verra plus que la moitié du verre vide. Son aquoibonisme peut être énervant, mais il faut se rappeler que c’est sûrement chez lui une manière de se protéger d’un avenir que le GIEC n’annonce pas si radieux. Si vous êtes Balance, rappelez-vous que même si le constat est alarmant, ça n’est pas une raison pour faire sa meilleure imitation de l’autruche.&nbsp;</p><p><strong>Le conseil astro :&nbsp;</strong> Traînez avec le Sagittaire pour vous remonter le moral.</p><h2><strong>Scorpion : Le donneur de leçons</strong></h2><p>Cette année le Scorpion aura tendance à vouloir prêcher la bonne parole. Celui qui sait mieux que tout le monde ce qui est bon pour la planète et le vivant. Qui monopolise la parole à table et a une gentille tendance à vous inonder de chiffres entre la salade et le fromage. Utile quand il y a besoin de rembarrer le climatosceptique, il peut s’avérer agaçant quand il vous reprend sur vos moindres faits et gestes.&nbsp;</p><p><strong>Le conseil astro </strong>: Attention, cher Scorpion, à l’overdose de conseils.</p>','<h2><strong>Sagittaire : L’optimiste un poil forcé</strong></h2><p>2023 c’est l’année du changement, le Sagittaire en est sûr. Il ne regarde que des médias de solutions, a mis un filtre sur toutes les news qui pourraient ternir sa vision du monde et sait, au fond de lui à gauche, que les choses sont en train de bouger dans le bon sens (et que ça n’est pas du tout un biais de confirmation). Certes, les mesures politiques sont prises à la vitesse d’un escargot alors qu’il faudrait qu’elles le soient à la vitesse du jaguar, mais le Sagittaire est comme ça : cette année il voit la vie en rose.&nbsp;</p><p><strong>Le conseil astro : </strong>Mollo sur les déclarations optimistes avec les éco-anxieux (les Balance par exemple).</p><h2><strong>Capricorne : L’amoureux de la biodiversité</strong></h2><p>Pour le Capricorne, cette année sera placée sous le signe de la biodiversité. Les humains, c’est très sympa, mais, on ne va pas le contredire, ils peuvent être fatigants.&nbsp;</p><p><strong>Le conseil astro :</strong> Faites confiance en votre instinct animal.</p><h2><strong>Verseau : Tout est politique</strong></h2><p>Le Verseau le sait, le sent, tout est politique. Ça sera même son leitmotiv de 2023. L’écologie ? Politique. La couleur de la moquette ? Politique. La cuvette des toilettes ? Politique. Cette écolo-roscope ? Politique..&nbsp;</p><p><strong>Le conseil astro : </strong>Vous êtes sur la bonne voie astrale du fait de l’influence de la trajectoire de Jupiter sur Saturne.</p><h2><strong>Poisson : Intersectionnalité quand tu nous tiens</strong></h2><p>Cette année, tels les jeux pour enfants où on est invité à relier des numéros pour faire apparaître un dessin, les luttes vont se relier entre elles. Ce qui lui apparaissait encore comme des silos indépassables, apparaîtront au Poisson désormais de manière claire comme un gros poulpe, aka le système patriarco-libéral-capitaliste.&nbsp;</p><p><strong>Le conseil astro : </strong>Aucun, vous êtes parfait.</p>',NULL,'En cours',3,NULL),(6,'C’est quoi le problème avec l’énergie en fait ?','<h2><strong>Voilà des semaines qu’on nous bassine avec la sobriété énergétique, qu’on annonce des coupures, qu’on répète en boucle : “je baisse, j’éteins, je décale” mais au fait c’est quoi le problème ? Récapitulatif en deux temps, trois mouvements.</strong></h2><h2><strong>L’énergie, une arme politique ?</strong></h2><p>L’énergie n’aime pas la crise et ce n’est pas nouveau. Les plus ancien·nes d’entre nous se rappellent du choc pétrolier de 1973 lorsque les pays arabes décident de multiplier par 4 le prix du pétrole (pour cause de perte de guerre du Kippour) et celui de 1979 sous fond de révolution islamique en Iran. L’État avait alors demandé à tous les Français et les Françaises de faire des économies d’énergie et lancé une campagne « anti-gaspi », le terme gaspillage étant notre sobriété d’aujourd’hui. Parmi les mesures fortes du moment : la limitation de vitesse sur les routes, la diminution du trafic aérien, l’interdiction d’éclairer les vitrines et l’arrêt des programmes télé après 23h. <a href=\"https://www.ina.fr/ina-eclaire-actu/les-francais-appeles-a-faire-des-economies-d-energie-deja-vu-dans-les-annees-70\">Regardez ce document de l’INA</a>, l’histoire serait-elle un éternel recommencement ?</p>',NULL,NULL,'<h2><strong>Vous avez dit indépendance énergétique ?</strong></h2><p>Dans les années 80, la vie reprend son cours. On construit des centrales nucléaires pour gagner en indépendance mais ça ne suffit pas pour combler la demande énergétique. Aujourd’hui, <a href=\"https://notre-environnement.gouv.fr/actualites/breves/article/comment-la-france-s-approvisionne-t-elle-en-energie-qui-consomme-quoi\">55% de l’énergie en France est produite sur le territoire</a>, ce qui signifie que 45% ne l’est pas. La France importe donc 98,5 % de son pétrole (Afrique, pays de l’ex-URSS, Moyen-Orient, Mer du Nord), 98 % de son gaz naturel (Norvège, Pays-Bas, Algérie, Russie), tout son charbon (Australie, États-Unis, Afrique du Sud, Colombie) et tout son uranium (Australie, Canada, Gabon, Niger, Russie), rappelle <a href=\"https://agirpourlatransition.ademe.fr/particuliers/lenergie-france\">l’Ademe</a>.&nbsp;</p>','<h2><strong>Covid et Ukraine, deux crises pour le prix d’une !&nbsp;</strong></h2><p>Dans un contexte de dépendance énergétique, on comprend bien que si ça tangue là-bas, il y a des répercussions par ici et que la main invisible du marché est bien là. Aussi, en 2021,<i> “ lorsque l’économie mondiale s’est remise en branle après la pandémie de Covid, </i>explique <a href=\"https://vert.eco/articles/comment-la-crise-de-lenergie-complique-les-negociations-a-la-cop27\">Vert le média</a>,<i> la demande d’énergie a alors rebondi à des niveaux bien supérieurs aux capacités de production, entraînant une première envolée des prix. Celle-ci s’est encore accentuée en mars 2022 lorsque la Russie a envahi l’Ukraine. L’Europe a alors dû réorganiser en urgence ses approvisionnements, alors que Moscou était jusqu’alors son fournisseur numéro 1 en gaz (45%) et en pétrole (27%).”</i><br><br>Résultat :<i> “aujourd’hui, les prix sur les marchés du gaz et de l’électricité pour des livraisons en 2023 sont toujours à des prix près de dix fois supérieurs à ceux de 2020,”</i>explique le <a href=\"https://www.economie.gouv.fr/hausse-prix-energie-renforcement-dispositifs-aides-entreprises#:~:text=le%20prix%20de%20l\'%C3%A9nergie,son%20chiffre%20d\'affaires%202021.\">gouvernement</a>. Gloups !</p>','<h2><strong>Un été trop chaud pour l’hydro</strong></h2><p>Le nucléaire fout le camp et nos centrales hydroélectriques alors (qui contribuent à hauteur de 12% de notre mix énergétique et constituent le second moyen de production d’électricité après le nucléaire) ? Comme les oliviers et les poireaux, elles ont souffert de la sécheresse cet été. Pas d’eau = des barrages à sec = pas de courant = pas d’énergie. Eau France, le service public d’information sur l’eau, rappelait dans son <a href=\"https://www.eaufrance.fr/publications/bsh/2022-08\">bulletin du mois d’août&nbsp;</a> que la pluviométrie avait été nettement déficitaire sur tout le pays, généralement de plus de 80 %, voire très souvent de plus de 90 % et que juillet 2022 avait été le mois de juillet le plus sec sur la période 1959-2022 à l’échelle nationale.&nbsp;</p><p>Selon Réseau de transport d’électricité (RTE),<a href=\"https://www.revolution-energetique.com/pourquoi-la-production-hydroelectrique-francaise-est-en-chute-libre/#:~:text=La%20fili%C3%A8re%20hydro%C3%A9lectrique%20est%20%C3%A0,p%C3%A9renniser%20le%20manque%20d\'eau.\"> la production hydroélectrique était en baisse de 35 % en juillet 2022 par rapport à juillet 2021.</a> Et c’était encore pire en août, où elle était 40 % inférieure à celle de la même période de l’année précédente. Bref, faut qu’il pleuve !</p><p>On résume ? La production d’électricité est à la peine chez nous, les importations sont compromises par le conflit ukrainien, il ne pleut pas assez, les prix s’envolent et sky ne semble pas être the limite. Bref, c’est la zone énergétique et en même temps peut-être le début de la vraie, longue et durable sobriété choisie. Chiche ?</p>','<h2><strong>Des centrales nucléaires en PLS</strong></h2><p>Comme un malheur arrive rarement seul (et que niveau anticipation, il y a encore des progrès à faire) le nucléaire français est en carafe depuis des mois alors qu’il représente <a href=\"https://fr.statista.com/statistiques/472545/proportion-nucleaire-production-d-electricite-france/\">69% de la production de notre électricité</a>.<i> “La première fragilité tient tout d’abord au fait qu’un nombre record de 29 réacteurs (sur 56) est actuellement à l’arrêt, </i>résume<a href=\"https://vert.eco/articles/lautorite-de-surete-nucleaire-pointe-la-fragilite-inedite-du-parc-francais\"> Vert le média</a>. <i>Aux interruptions déjà prévues pour contrôle, maintenance ou rechargement du combustible (un calendrier d’ailleurs compliqué par la pandémie), s’est ajouté un phénomène inattendu et encore largement inexpliqué : EDF a dû mettre sur pause </i><a href=\"https://vert.eco/articles/la-mise-a-larret-de-quatre-reacteurs-nucleaires-de-plus-accentue-la-crise-de-lenergie\"><i>douze réacteurs dont les tuyauteries sont atteintes par la corrosion</i></a><i>. Alors que des contrôles sont encore en cours pour déterminer l’origine et l’ampleur de ces anomalies, Bernard Doroszczuk, président de l’ASN (l’Autorité de sûreté nucléaire) a prévenu que les travaux de réparation dureraient plusieurs années. De quoi grever significativement la production nucléaire.”</i></p><p><i>“L’autre fragilité, </i>poursuit Vert le média, <i>tient aux dysfonctionnements constatés depuis plusieurs années dans la gestion du combustible usé, qui conduisent notamment à une saturation prématurée des lieux d’entreposage. « Ces difficultés, si elles s’aggravaient, pourraient fragiliser le fonctionnement des centrales nucléaires dans la mesure où elles ne pourraient plus évacuer les combustibles usés de leurs installations », a prévenu Bernard Doroszczuk. Certaines de ces situations sont pourtant connues depuis longtemps. L’arrivée à saturation, au plus tard en 2030, de la piscine de refroidissement des combustibles usés de la Hague (Manche) est sue depuis 2010. Or, une deuxième piscine ne sera pas prête avant 2034, au plus tôt.”</i></p><p>Conséquence de tout ça ?&nbsp; Pour Xavier Piechaczyk, président du directoire de RTE, le gestionnaire du réseau électrique,<i> “seuls 40 gigawatts devraient être disponibles début janvier, soit environ 65 % de la capacité nucléaire installée, en raison de l’impact des mouvements sociaux de septembre et octobre et de « retards et aléas techniques » dans la maintenance courante,” </i>peut-on lire dans<a href=\"https://www.lemonde.fr/economie/article/2022/11/19/risque-accru-de-coupures-d-electricite-en-janvier-2023_6150642_3234.html\"> le journal le Monde</a>&nbsp;</p>',NULL,'En cours',4,NULL),(7,'Réflexes antigaspi d’énergie','<h2><strong>Si on ne chauffait pas, si on n’éclairait pas, si on ne rechargeait pas son smartphone et que jamais on ne matait une série sur Netflix, ça serait carrément facile de réduire sa consommation d’énergie. Rassure-toi, on a d’autres pistes à te donner pour économiser à domicile sans faire de toi un Amish. Et sans te peler les miches.</strong></h2>',NULL,NULL,'<h2><strong>Vive les gros pulls !</strong></h2><p>Tu te souviens du chandail que t’avait tricoté tatie Alice ? Il va falloir le ressortir et le porter une bonne partie de l’année puisque ton chauffage ne dépassera plus jamais les 19 °C dans les pièces à vivre et 17 °C dans ta piaule. Comment ça, il gratte ?</p><h2><strong>Ouvre les fenêtres 5 minutes par jour…</strong></h2><p>… Juste pour que l’humidité puisse aller perler ailleurs. Tu peux en profiter pour faire ta salutation au soleil qui donne de bonnes énergies même quand il pleut.</p>','<h2><strong>Règle ton ballon d’eau chaude sur 60 °C</strong></h2><p>Tu peux aussi te laver les mains à l’eau froide et écrire sur le miroir de ta salle de bain :&nbsp; une douche = 30 litres = 0,94 kWh alors qu’un bain = 200 litres = 6,3 kWh. Ce qui veut dire que si tu t’offres un bain moussant, tu devras te passer de douche les 6 jours suivants. En même temps, t’as raison, on se lave trop, c’est pas bon pour notre peau.</p><h2><strong>Ressors ton plumeau</strong></h2><p>Il te servira à enlever la poussière des radiateurs. Vire également tout ce qui est sur son passage (la petite boîte à trucs, la chaussette qui sèche…) : tu permettras à la chaleur de se diffuser sans encombre.</p>','<h2><strong>Purge ton radiateur</strong></h2><p>Si ton foie sait faire ça très bien lui-même, ton radiateur en a besoin tous les six mois. S’il siffle, c’est qu’il a de l’air dans les tuyaux qu’il faut chasser avec délicatesse.</p><h2><strong>Choisis les champions de catégorie A</strong></h2><p>Pour ton électroménager, consulte le guide <a href=\"https://www.guidetopten.fr/grand-public\">Topten</a> réalisé avec le WWF-France et l’Ademe. Il a sélectionné pour toi les produits qui consomment le moins. Imprimantes, machines à café, aspirateurs, tu ne pourras pas dire que tu ne savais pas.</p>','<h2><strong>Convoque des souvenirs de 3e C</strong></h2><p>Sachant qu’une ampoule à LED de 10 W utilisée pendant quinze ans et achetée 12 € permet d’économiser 700 kWh d’électricité soit plus de 140 € sur la facture d’électricité, par comparaison avec l’utilisation d’ampoules halogènes équivalentes de 57 W, qu’est-ce qui est mieux pour la planète, hein ?</p><h2><strong>As-tu vraiment besoin de tout ça ?</strong></h2><p>Dernier truc, ne succombe pas à la tentation du dernier gadget électroménager. Moins tu auras d’appareils, moins tu consommeras (oui oui, heureusement qu’on est là pour que tu apprennes ça). Et franchement, ce défroisseur dernier cri, c’était vraiment nécessaire ?&nbsp;</p><p><br>&nbsp;</p>',NULL,'Terminée',2,NULL),(8,'La bifurcation sans fin','<h2><strong>La bifurcation n’est pas forcément un événement ponctuel ; c’est parfois un art de vivre. Certains bifurquent à gogo, zigzaguent dans l’existence en quête de rêves toujours nouveaux… Roshni fait partie de ceux-là, chez qui la route la meilleure est celle qui fait le plus de détours.</strong></h2>',NULL,NULL,'<h2><strong>Un début dans l’industrie pharmaceutique</strong></h2><p>D’origine britannique, Roshni fait ses études à Bradford, avant de “commencer une histoire d’amour avec la France” lors de son premier stage à Paris. Une fois son diplôme en poche elle s’installe naturellement dans la Ville Lumière. “Je croyais rester deux ans”, dit-elle, “j’y suis resté toute ma vie !”</p><p>Sa carrière commence dans une&nbsp; grande entreprise pharmaceutique, dont nous tairons le nom pour des raisons légales. Nous l’appellerons donc Médicament®.</p><p>Chez Médicament®, Roshni travaille pendant quatre ans dans les affaires industrielles avant de passer en audit interne, ce qui lui donne un point de vue plus complet mais peu ragoûtant du secteur. “Je me suis rendu compte que c’était un peu dégueulasse, l’industrie pharmaceutique.” Dégueulasse comment ? “On a soudoyé les médecins pendant des années, les médecins influents dans le milieu…&nbsp;»&nbsp;</p><p>Cette pratique est un peu plus encadrée de nos jours. Mais Roshni pointe une autre dérive, toujours actuelle : “On faisait constamment de minuscules changements de formulation, pour garder les brevets et doper les ventes ; au final, on vend du paracétamol mais sous des formes différentes qui n’ont pas d’utilité.”&nbsp;</p>','<h2><strong>Première bifurcation : un bref passage en RSE</strong></h2><p>Roshni demande alors un mutation pour le département RSE, sans se faire beaucoup d’illusions – “Je me doutais que ce serait un outil de communication.” Pourtant, Médicament® parvient à la surprendre en se révélant pire que prévu. Quand on lui demande d’augmenter la marge d’un antipaludéen vendu en Afrique sub-saharienne, Roshni jette l’éponge et négocie une rupture conventionnelle.</p><p>Son expérience en RSE lui a quand même été utile : elle sait désormais qu’elle veut s’engager dans une organisation humanitaire, mais pas n’importe laquelle. Sur le terrain, elle a vu beaucoup d’ONG et agences de développement à l’œuvre… Pour le meilleur et pour le pire.</p><p>“Beaucoup d’organisations fonctionnent grâce aux subventions, du coup ça limite leur marge de manœuvre. Elles se retrouvent à passer leur temps à suivre des indicateurs à deux balles pour dépenser de l’argent. Je l’ai vu faire. Il y a des organisations qui se disent :&nbsp; faut qu’on dépense tout, sinon l’année&nbsp; prochaine on n’aura pas le même budget.”</p><p>Son choix se porte donc sur MSF (Médecins Sans Frontières), qui fonctionne grâce à ses fonds propres, levés chez des particuliers. Un système assez rare dans le milieu de l’humanitaire.</p>','<h2><strong>Deuxième bifurcation : l’humanitaire&nbsp;</strong></h2><p>Chez MSF, Roshni passe par plusieurs postes : administrateur RH, finance, et même coordinatrice de projet dans un hôpital au Kenya. Ce cheminement, plein de virages et de détours, l’amène à se questionner sur le fonctionnement du monde. Elle voit le confort obscène des uns, le dénuement des autres. Et puis, elle découvre que l’ONG n’est pas exempte de tout défaut…</p><p>“Même dans l’humanitaire, il y a parfois des abus, des dérapages….” Elle questionne également sa propre place et craint de rejouer certains rapports néo-coloniaux auprès des populations qu’elle veut aider. Alors, une fois encore, Roshni claque la porte et bifurque vers un nouvel horizon.</p>','<h2><strong>Troisième bifurcation : déménager pour un éco-lieu</strong></h2><p>En février 2022, de retour du Kenya, Roshni se met au chômage et décide de quitter Paris. Ses expériences lui ont permis d’avoir le cuir tanné. “J’ai vécu à l’étranger dans des conditions très simples. Je n’ai plus besoin d’une grande ville.”</p><p>C’est le début d’une nouvelle quête. Elle explore le Sud et visite des éco-lieux – notamment l’<a href=\"https://www.tera.coop/\">association Tera</a>, dans le Lot-et-Garonne. Elle fait du woofing en Camargue, et des chantiers participatifs. Au printemps, elle découvre enfin son coin de paradis : ce sera la commune de Lodève, en Occitanie. C’est là qu’elle découvre l’<a href=\"https://lodeve.fr/lilot-vert-de-la-soulondres/\">Ilot vert de la Soulondres</a>, un collectif de citoyens engagés pour sauver un beau terrain de la bétonisation. Sur 10% ils construiront 21 logements écologiques (dont la moitié de logement social), et laisseront les 90% restants à la Nature et l’Agriculture.</p><p>Les travaux commenceront bientôt et devraient durer 2 ou 3 ans. D’ailleurs, le collectif cherche encore des volontaires pour rejoindre l’aventure si le cœur vous en dit.</p><p>Roshni, elle, continuera sûrement d’écouter le sien. “La sérénité”, dit-elle “c’est pas ce que je cherche. J’aime bien sortir de mes zones de confort, changer d’environnement. Il ne faut pas avoir peur et suivre ses convictions.”</p><p>Jusqu’à la prochaine bifurcation ?</p>',NULL,'En cours',2,NULL),(9,'Les 7 chaînes Youtube pour la planète','<h2><strong>Youtube ça n’est pas que des vidéos de chats qui font du skate, c’est aussi une plateforme incontournable pour se renseigner sur à peu près tous les sujets possibles et imaginables, du fonctionnement de l’ADN au mode de vie des Wisigoths. Voici notre sélection de comptes planète-friendly qui donnent envie de se bouger.</strong></h2>',NULL,NULL,'<h4><strong>1 – </strong><a href=\"https://www.youtube.com/channel/UCJbBftBI6UOxdFy_JIGUL5Q\"><strong>Vert chez vous</strong></a><strong>, la chaîne de Swann Périssé</strong></h4><p>Swann Périssé s’est fait notamment connaître par une vidéo mettant en scène son chagrin d’amour. Suite à cette rupture, elle a décidé de sillonner les routes avec sa caravane et de rendre visite aux initiatives “vertes” à travers la France et de raconter ça en vidéo. En fait c’est bien plus que des visites, elle s’immerge carrément dans les projets partout en France. Elle montre concrètement comment mettre la main à la pâte. On la voit monter une serre, un poulailler, fabriquer des savons… Son crédo ? Rendre accessibles les petits gestes qui mènent à la transition écologique et ouvrir les possibles à celles et ceux qui pensent que c’est dur de sauter le pas.</p><p>On aime : son auto-dérision, son rire, sa pédagogie, suivre ses aventures et sa progression sur le grand chemin de la transition.</p><p>On peut commencer par : la vidéo <a href=\"https://www.youtube.com/watch?v=gcR7k3a_0H4&amp;ab_channel=VertChezVous\">“Comment faire un potager sur son balcon ?”</a>.</p><p>&nbsp;</p><h4><strong>2 – </strong><a href=\"https://www.youtube.com/c/Oph%C3%A9lieTaM%C3%A8reNature\"><strong>Ta Mère Nature,</strong></a><strong> la chaîne d’Ophélie Damblé</strong></h4><p>Le truc d’Ophélie, c’est les plantes, les légumes, les fleurs… bref, tout ce qui pousse, et si possible en ville. Car avant de tout plaquer pour devenir maraîcher ou maraîchère, il y a quelques étapes à franchir, dont celle d’apprendre à faire des boutures, cultiver son potager urbain après avoir probablement flingué quelques semis sur son balcon. Sa chaîne s’adresse donc “aux cancres qui pensent ne pas avoir la main verte”. Et pour ne rien gâcher, Ophélie manie l’humour et offre un univers parfois absurde, inspiré du DIY punk dont elle est issue. Une reconnexion douce à la terre qu’Ophélie anime désormais dans une serre “IRL” à la Cité Fertile à Paris, ce qui lui donne de la matière pour continuer à nous régaler avec ses vidéos.&nbsp;</p><p>On aime : son humour, ses chansons absurdes, l’angle de ses vidéos.</p><p>On peut commencer par : la vidéo <a href=\"https://www.youtube.com/watch?v=y_lW-o3zRDs&amp;ab_channel=Oph%C3%A9lie-TaM%C3%A8reNature\">“Plantez-vous”</a>, qui fait du bien et donne envie d’oser.</p><p><br>&nbsp;</p>','<h4><strong>3 – </strong><a href=\"https://www.youtube.com/channel/UC-2EkisRV8h9KsHpslQ1gXA\"><strong>Et tout le monde s’en fout</strong></a><strong>, la chaîne d’Axel Lattuada, Marc le Boni et Fabrice Le Boni</strong></h4><p>Ces Youtubeurs sont ultra fortiches quand il s’agit de prendre un sujet et de le détricoter de manière ludique. En quelques minutes, Axel Lattuada face caméra joue une sorte d’hurluberlu insupportable mais touchant qui semble presque agacé de devoir expliquer ses concepts à une audience qui n’en reste pas moins captivée. Du contenu aussi drôle que dense qui a le mérite de vulgariser des concepts aussi divers et complexes que le féminisme, l’humour, la confiance en soi, …et qui articule autant que possible l’intime et le politique. D’utilité publique ! Le projet s’est depuis décliné en <a href=\"https://www.youtube.com/watch?v=IaUoE4zAGLQ&amp;ab_channel=Ettoutlemondes%27enfout\">un spectacle</a>, <a href=\"https://livre.fnac.com/a14946122/Collectif-Et-tout-le-monde-s-en-fout-Le-jeu\">un jeu,</a> et un <a href=\"https://www.youtube.com/watch?v=kN3aV9aFYnc&amp;ab_channel=Ettoutlemondes%27enfout\">documentaire.</a>&nbsp;</p><p>On aime : l’écriture ciselée, le jeu des acteurs.ices, la vulgarisation de concepts pas piqués des hannetons.</p><p>On peut commencer par : la vidéo sur …<a href=\"https://www.youtube.com/watch?v=NRq0i6hw9Eo&amp;ab_channel=Ettoutlemondes%27enfout\"> les vieux.</a></p><p>&nbsp;</p><h4><strong>4 – </strong><a href=\"https://www.youtube.com/c/ProfesseurFeuillage/featured\"><strong>Professeur Feuillage</strong></a><strong>, la chaîne de Mathieu Duméry et Lénie Chérino</strong></h4><p>En 2014, Professeur Feuillage et son assistante Sophie créent une des premières chaînes écolo de France et vulgarisent des sujets aussi variés que les <a href=\"https://www.youtube.com/watch?v=uPdICF-QCW8&amp;ab_channel=FEUILLAGE\">pires fails écolos</a> ou l’impact écologique des chats. Certains des épisodes ressemblent à des courts-métrages et on est impressionné·es par la réalisation et le soin apporté aux décors. La chaîne n’est plus alimentée depuis plus de deux ans, mais les vidéos du Professeur Feuillage et son acolyte sont toujours (malheureusement) d’actualité. On y retrouve aussi des chroniques écologiques, des débats organisés avec le JTerre et des formats plus “reportages” qui mettent en scène d’autres pros de Youtube.</p><p>On aime : l’esthétique chiadée des vidéos, le ton, la réalisation de certaines vidéos qui ressemblent presque à de mini-films.</p><p>On peut commencer par : la vidéo à peine anxiogène<a href=\"https://www.youtube.com/watch?v=IjFOpN0Xfjw&amp;ab_channel=FEUILLAGE\"> sur le permafrost </a>(attention sueurs froides garanties).</p>','<h4><strong>5 – </strong><a href=\"https://www.youtube.com/user/nicolasmeyrieux\"><strong>La Barbe</strong></a><strong>, la chaîne de Nicolas Meyrieux</strong></h4><p>Après avoir fait une pause de trois ans pour se consacrer à sa reconversion comme maraîcher (qui a fait l’objet d’un documentaire sur France Télé Slash <a href=\"https://www.france.tv/slash/nouvelles-graines/\">Nouvelles Graines</a>), Nicolas Meyrieux, un des Youtubeurs les plus engagés dans la place, revient sur Youtube pour sensibiliser les foules ! Il avait déjà fait des vidéos sous son nom “La Barbe” sur les inégalités scolaires, ou les lobbys, et à peu près tous les sujets qui grattent. Les dernières vidéos évoquent des sujets proches de ses préoccupations comme la<a href=\"https://www.youtube.com/watch?v=SStjHAwn73s&amp;ab_channel=NicolasMeyrieux\"> désobéissance fertile</a>, ses aventures pour trouver <a href=\"https://www.youtube.com/watch?v=mwDvJx6pchY&amp;ab_channel=NicolasMeyrieux\">un terrain</a> où s’installer comme paysan.&nbsp;</p><p>On aime : le débit de blague, son radar à bullshit et son énergie communicative.</p><p>On peut commencer par : sa vidéo sur l’<a href=\"https://www.youtube.com/watch?v=jyEJJO1r3WY&amp;t=6s&amp;ab_channel=NicolasMeyrieux\">enfumage de Carrefour</a>.</p><p><br><strong>6 – </strong><a href=\"https://www.youtube.com/channel/UCr_3nQ4eRCwm_XUDpf62MAg\"><strong>Partager C’est Sympa</strong></a><strong>, la chaîne de Vincent Verzat</strong></p><p>Derrière Partager C’est sympa, il y a Vincent Verzat. Celui qui couvrait les COPs il y a quelques années a effectué un virage plus radical et alerte désormais sur les dérives d’un monde capitaliste. Il y couvre différentes luttes, à travers ce qu’il appelle des enquêtes de fond.. Les dernières en date étant contre un <a href=\"https://www.youtube.com/watch?v=7rKmCD-QTJA&amp;ab_channel=PartagerC%27estSympa\">projet de station de ski dans les Alpes </a>et la destruction des<a href=\"https://www.youtube.com/watch?v=YgNfzRLGmCY\"> forêts françaises</a>. Il avait aussi marqué les esprits avec une très belle vidéo<a href=\"https://www.youtube.com/watch?v=XZuFXR40t_I&amp;ab_channel=CindyChronoYoga\"> décrivant un monde enviable</a> pendant le premier confinement. Dernièrement il multiplie les vidéos sur son observation du vivant, avec une approche parfois plus émerveillée que révoltée. Des vidéos avec un storytelling au poil, qui démangent sérieusement et donnent envie de se bouger pour agir.&nbsp;</p><p>On aime : le côté immersif et “je mets les mains dans le cambouis”.</p><p>On peut commencer par sa vidéo <a href=\"https://www.youtube.com/watch?v=vTOKIxqOWfM&amp;ab_channel=PartagerC%27estSympa\">“Nos pires prédictions se réalisent et rien ne change”</a> qui ne remonte pas le moral mais met les points sur le i.&nbsp;</p>','<h4><strong>7 – Le souffle de l’info”, la chaîne du média </strong><a href=\"https://www.youtube.com/channel/UC__xRB5L4toU9yYawt_lIKg\"><strong>Blast</strong></a></h4><p>Empruntant à la fois aux codes journalistiques et à ceux de Youtube, on y retrouve le meilleur des deux mondes avec à la fois des informations sourcées et en prime bien expliquées. Le tout de manière plutôt ludique et rythmée sur des formats longs et fouillés, qui permettent de bien faire le tour d’un sujet.&nbsp;</p><p>On aime : le sérieux, les personnalités qui incarnent ce média, l’angle des sujets, l’ambition de faire un vrai média alternatif.</p><p><a href=\"https://www.youtube.com/watch?v=QTcUGdXmWv4&amp;t=22s\">On peut commencer par une de leur dernière vidéo : </a><a href=\"https://www.youtube.com/watch?v=QTcUGdXmWv4&amp;list=PLv1KZC6gJTFlPcbytdjSxzc1DsUixBnzo&amp;ab_channel=BLAST%2CLesouffledel%27info\">la dictature verte est-elle la solution ?</a></p><p>L’esthétique Youtubesques ultraclippées permet de faire passer&nbsp; des messages pédagogiques avec un vernis pop, même si ça tout ça nous fait parfois un peu tourner la tête (désolée, celle qui écrit ces lignes est un peu boomeuse sur les bords). Avec plusieurs millions d’abonné.es, certains youtubeur.ses utilisent ces codes pour tenter de sensibiliser aux enjeux sociaux et environnementaux, et on ne va pas s’en plaindre.&nbsp;</p>',NULL,'En cours',2,NULL),(10,'4 manières de renoncer à ses privilèges','<h2><strong>La vie est-elle plus facile quand on est un homme riche, blanc, hétéro ? Absolument. Elle l’est donc moins quand on est une femme pauvre, noire et gay. Quand on est du côté dominant de la balance, la moindre des choses est de conscientiser ses privilèges et de se demander comment y renoncer. Mode d’emploi.</strong></h2><p>&nbsp;</p><p>Sur le grand échiquier social, nous sommes (presque) tous et toutes les privilégié·es et les opprimé·es de quelqu’un·e : riche / pauvre, hétéro / homo, racisé.e / blanc.he, homme / femme, jeune / vieux, etc.. Et ça n’est pas anodin : pas besoin d’avoir lu l’intégralité de Bourdieu pour savoir que notre appartenance à certains groupes détermine beaucoup de choses dans nos vies : notre santé mentale, physique, financière …&nbsp;</p><p>Le plus curieux, c’est que souvent quand on appartient à une norme dominante on ne s’en rend même pas compte, à l’instar du poisson qui nage tranquillement dans l’océan à qui on demande “c’est quoi l’eau ?” et qui est incapable de répondre. Sans doute, en témoigne la roue des privilèges ci-dessous, parce que les hiérarchies sont multiples et plus ou moins visibles.&nbsp;</p>',NULL,NULL,'<p>Pour tendre vers une vision d’un monde plus équitable, où chacun·e aurait d’égales chances et où les discriminations ne seraient plus la norme, il semble intéressant de prendre le temps d’identifier là où on est opprimé·es mais aussi là où l’on peut être oppresseur. En se rappelant que c’est une pensée systémique. Même si ça gratte.&nbsp;</p><h2><strong>1. Conscientiser ses privilèges</strong></h2><p>C’est une première étape indispensable avant de pouvoir y renoncer et cela demande un véritable travail d’information puis d’introspection : quels sont mes privilèges ? Où opèrent-ils ? Lesquels de mes comportements peuvent être ressentis comme une oppression ?</p><p>Cela ne veut pas dire qu’il faut se flageller quand on est au sommet de la pyramide sociale ni se victimiser quand on subit des oppressions, mais faire l’effort de s’informer de l’impact de ses actions ou de ses paroles. Éclairé·es, on peut ensuite agir avec les autres de manière plus juste. Il existe plein de ressources qu’on vous invite à lire sur le sujet :&nbsp;</p><ul><li>Sur les questions de race : le compte Instagram <a href=\"https://www.instagram.com/sansblancderien/?hl=fr\">sansblancderien&nbsp;</a></li><li>Sur les questions LGBT : le podcast <a href=\"https://www.binge.audio/podcast/camille/?uri=category%2Fcamille%2F\">Camille&nbsp;</a></li><li>Sur les questions de masculinité : Le podcast les <a href=\"https://www.binge.audio/podcast/les-couilles-sur-la-table\">Couilles sur la table&nbsp;</a></li><li>Sur les questions de transidentité : le compte instagram <a href=\"https://www.instagram.com/aggressively_trans/\">Agressively-trans&nbsp;</a></li><li>Sur les questions de classe : Le média <a href=\"https://www.frustrationmagazine.fr/\">Frustration Magazine&nbsp;</a></li><li>Sur les questions de santé mentale : le compte instagram <a href=\"https://www.instagram.com/neuroatypique_activiste/\">Neuroatypique activiste&nbsp;</a></li><li>Sur les questions de validisme : le compte instagram <a href=\"https://www.instagram.com/le_validisme_cest/\">le validisme c’est</a></li><li>Vous pouvez aussi relire l’article : <a href=\"https://france.makesense.org/media/petit-guide-de-deconstruction-pour-grand%C2%B7es-debutant%C2%B7es/\">“petit kit de déconstruction pour les débutants” </a>qui contient plein de ressources utiles.&nbsp;</li></ul><p>Pour aller plus loin et mettre à jour les mécanismes de domination,<a href=\"https://www.notion.so/Exploser-les-oppressions-lier-les-luttes-1e7c0277e2234d1aab20393251f48d03\"> le programme Magma </a>conçu par des ancien·nes bénévoles de makesense permet de rentrer en profondeur dans le sujet, grâce à de petits groupes de discussion (en ligne ou hors-ligne selon les promos) et des mails thématiques.</p>','<h2><strong>2. Renoncer à ses privilèges est synonyme d’un effort…</strong></h2><p>Si le titre de cet article vous laisse croire qu’on peut lâcher ses privilèges avec élégance, soyons honnête, le vrai signe qui vous fera sentir que vous êtes en train de renoncer vraiment à un privilège, c’est que ça vous demandera un effort. Ces prises de risques sont à mettre en balance avec les oppressions subies par les groupes sociaux. Mais petit à petit, elles permettent de faire évoluer les mœurs et, par la force de l’exemple, de faire bouger les lignes.<br><br>Quelques exemples en vrac ?&nbsp; Prendre la défense d’une personne racisée à un dîner de famille, c’est prendre le risque de vous mettre à dos une partie de vos proches si ces derniers ne partagent pas les mêmes valeurs. Prendre un ton ferme pour faire comprendre à votre boss que ça n’est pas OK de faire des remarques sexistes en réunion, c’est risquer de vous faire placardiser. Renoncer à de la visibilité médiatique pour laisser des personnes issues de minorités prendre la parole peut ralentir votre carrière. Ne pas accepter un job qui a l’air super excitant dans une boîte dont vous savez que la production est sous-traitée en Chine peut vous envoyer à Pôle emploi, ne pas participer à un phénomène de gentrification peut vous faire perdre de l’argent, prendre un congé paternité de la même durée que le congé maternité peut vous coûter votre place à votre retour.</p><h2>&nbsp;</h2><p><br>&nbsp;</p>','<h2><strong>3. Mettre l’accent sur le collectif&nbsp;</strong></h2><p>Évidemment, là où ça peut coincer, c’est quand on se sent (presque) seul·e à l’échelle d’une société à renoncer à ses privilèges. On peut sentir une forme d’injustice : pourquoi celles et ceux en haut de la pyramide continuent à profiter du système ? Pourquoi serais-je le seul pigeon à faire des efforts ? Dans un système néo-libéral où on adore faire porter le chapeau aux individus, l’organisation en collectif est primordiale. Car la question des privilèges est avant tout politique et plus on est à revendiquer l’égalité et plus on arrivera à faire pencher la balance des décisions. En effet, faire passer des lois qui permettent de limiter les abus, de condamner les discriminations et de restreindre les privilèges de certains groupes sociaux semble être une étape indispensable pour rendre le monde plus juste.</p>','<h2><strong>4. Éviter de se draper dans les lauriers de sa déconstruction</strong></h2><p>Être un bon allié·e, c’est important si on veut faire bouger les choses. Mais (par exemple) si vous êtes un mec et que vous faites la vaisselle et participez aux tâches ménagères, ça n’est pas non plus la peine de vous le tatouer sur le front. Renoncer (un peu) pour mieux s’en vanter a posteriori, ça ressemble à Coca-Cola qui fait du greenwashing parce qu’il a lancé une canette en aluminium recyclé tout en continuant à être le premier pollueur mondial. Et personne n’a envie de ressembler à ça…&nbsp;</p><p>Cela n’empêche pas de faire de la pédagogie auprès de ses potes, mais attention à la réappropriation parfois égotique de ce genre de démarches. Il est important de se rappeler que la traduction de ses valeurs en actes est sûrement la manière la plus forte et la plus subtile de faire passer des messages. Bref ça implique de vraiment savoir pourquoi on fait les choses et de rester droit·e dans ses bottes. Ah oui et aussi, ne&nbsp; tombons pas dans le culte de la perfection. Le droit à l’erreur est autorisé tout comme celui de ne pas être parfait·e. Personne n’a dit que c’était facile de changer le monde…&nbsp;</p>',NULL,'En cours',1,NULL);
/*!40000 ALTER TABLE `decision` ENABLE KEYS */;
UNLOCK TABLES;

--
-- Table structure for table `timeline`
--

DROP TABLE IF EXISTS `timeline`;
/*!40101 SET @saved_cs_client     = @@character_set_client */;
/*!50503 SET character_set_client = utf8mb4 */;
CREATE TABLE `timeline` (
  `id` int NOT NULL AUTO_INCREMENT,
  `start` date NOT NULL,
  `dl_1` date NOT NULL,
  `first_decision` date NOT NULL,
  `dl_2` date NOT NULL,
  `final_decision` date NOT NULL,
  PRIMARY KEY (`id`)
) ENGINE=InnoDB DEFAULT CHARSET=utf8;
/*!40101 SET character_set_client = @saved_cs_client */;

--
-- Dumping data for table `timeline`
--

LOCK TABLES `timeline` WRITE;
/*!40000 ALTER TABLE `timeline` DISABLE KEYS */;
/*!40000 ALTER TABLE `timeline` ENABLE KEYS */;
UNLOCK TABLES;

--
-- Table structure for table `user`
--

DROP TABLE IF EXISTS `user`;
/*!40101 SET @saved_cs_client     = @@character_set_client */;
/*!50503 SET character_set_client = utf8mb4 */;
CREATE TABLE `user` (
  `id` int NOT NULL AUTO_INCREMENT,
  `firstname` varchar(50) NOT NULL,
  `lastname` varchar(50) NOT NULL,
  `birthday` date NOT NULL,
  `user_role` varchar(50) NOT NULL,
  `email` varchar(255) DEFAULT NULL,
  `pw` varchar(255) DEFAULT NULL,
  `matricule` varchar(255) NOT NULL,
  PRIMARY KEY (`id`),
  UNIQUE KEY `matricule` (`matricule`)
) ENGINE=InnoDB AUTO_INCREMENT=5 DEFAULT CHARSET=utf8;
/*!40101 SET character_set_client = @saved_cs_client */;

--
-- Dumping data for table `user`
--

LOCK TABLES `user` WRITE;
/*!40000 ALTER TABLE `user` DISABLE KEYS */;
INSERT INTO `user` VALUES (1,'Jane','Doe','1980-04-02','admin','jane@doe.com','$argon2id$v=19$m=65536,t=5,p=1$kpH/+vY8aMzYAeTJScBt7w$M3CMuaeFut/+NEpdiv1/hLtDv0Z+oofF4HKioNY/wXA','AD111'),(2,'Pierrick','Doe','1970-06-14','salarié','pierrick@doe.com','$argon2id$v=19$m=65536,t=5,p=1$dwnD1xSOA9bkiCAvhs9LVA$NeuDG+Wu1am29idPD1d9+1axCEgnsCt1Qp974k2B3aU','SA111'),(3,'Marie','Doe','2000-08-09','salarié','marie@doe.com','$argon2id$v=19$m=65536,t=5,p=1$U38Y/ak6pHLTsovEOEBfvg$66867QoaoJqSbZ+HEzDuJNZbOVxaCmrAtlr2xuc9Ua0','SA112'),(4,'Simon','Doe','1970-11-26','admin','simon@doe.com','$argon2id$v=19$m=65536,t=5,p=1$TAcViWWJM2GGp04NvBGjkA$mRVmbGT3H8wOKnMS68QluqDk7tf198m8Rqjk8q2kK7w','AD112');
/*!40000 ALTER TABLE `user` ENABLE KEYS */;
UNLOCK TABLES;
/*!40103 SET TIME_ZONE=@OLD_TIME_ZONE */;

/*!40101 SET SQL_MODE=@OLD_SQL_MODE */;
/*!40014 SET FOREIGN_KEY_CHECKS=@OLD_FOREIGN_KEY_CHECKS */;
/*!40014 SET UNIQUE_CHECKS=@OLD_UNIQUE_CHECKS */;
/*!40101 SET CHARACTER_SET_CLIENT=@OLD_CHARACTER_SET_CLIENT */;
/*!40101 SET CHARACTER_SET_RESULTS=@OLD_CHARACTER_SET_RESULTS */;
/*!40101 SET COLLATION_CONNECTION=@OLD_COLLATION_CONNECTION */;
/*!40111 SET SQL_NOTES=@OLD_SQL_NOTES */;

-- Dump completed on 2023-02-08 17:47:56
